x_pos,y_pos,radius_i,ID_i,norm_rand_i
9.317909941554243,70.91621900268724,5.064278857960911,0,1.2949895715100923
0.6164823940864429,68.29535464775697,5.064278857960911,803,2.443877981808537
2.7545351964539564,79.36540885053968,6.86336461714529,479,2.17686845070875
15.133518291337928,79.59884545659074,6.442268202217092,238,2.496394830790616
26.792801154827618,81.36045386212788,6.442268202217092,657,2.7050496977320533
13.139451524256888,42.68535689951162,5.72767411941968,142,1.801687660329334
12.552442285899428,32.49682541904838,5.72767411941968,623,2.6946520853746474
3.2109466797724795,28.588727859543418,5.61037045308313,449,1.8261873903110961
10.714348966676962,21.753290397724314,5.61037045308313,670,1.6034975592891967
3.685212670168914,50.54136459214842,4.931472463555037,158,1.7186425088896151
4.710272985246409,59.843449399927835,4.931472463555037,855,2.8982557404340255
13.682453674751622,53.427820193821255,6.84721701766018,381,2.0310263646365914
24.474051888781435,50.51346948791995,5.778092649858187,249,1.8826552484447596
32.72955939803975,44.00850883357379,5.778092649858187,817,1.9246475711435578
-5.275736790260399,85.86049781096945,4.813980114484032,46,1.3602916068275936
-7.862591459296771,94.15311529389142,4.813980114484032,881,1.4588075174947392
8.888080003077985,90.47319446548512,6.787181417678326,473,2.52051169609076
-15.411141636877751,84.50640230006339,6.411998560680868,314,2.163169803156167
-27.347150607119296,83.63641236776088,6.411998560680868,631,1.6731244305435378
-29.780422323991704,108.25477319823011,6.664113841081655,102,2.1855523202577523
-27.327148717247162,95.92916761649046,6.664113841081655,563,2.2400930120787654
-10.50726452211756,117.95681128346631,7.019802425606816,273,2.1653631516712335
-16.836558732998807,106.59086482174064,7.019802425606816,419,2.6517153977075045
-0.5163201100872787,126.26781540397215,7.18711604196158,30,2.200402537727541
0.08447671675418478,114.54775553705231,5.134683605546094,404,1.8716194594945756
-5.234243274618612,106.12075475342087,5.134683605546094,869,1.579055977715047
15.650238069459473,153.53490173001816,6.871090919656669,206,1.9792536554124418
2.6082174886265186,152.29497041374978,6.871090919656669,522,2.3623128139698597
-20.064583130553256,138.90064139958278,5.190865012802762,117,2.464138756084928
-18.098130385634168,148.4376686986791,5.190865012802762,748,1.630491021092446
-8.870124446883272,152.0713553182084,5.266632372762361,400,1.8840091691515135
-10.46398158119062,141.85829445930784,5.266632372762361,722,1.3156570740501436
-0.4000223320043682,138.585974561621,5.900633560558239,342,1.9837985811437675
10.144351641298227,142.41087100009003,5.900633560558239,822,2.16709675788691
9.373349379437153,162.53435247220864,4.781540474046881,62,2.424887248247181
9.4608902719536,171.82961313052508,4.781540474046881,775,2.647473788635569
-0.8595135827681458,164.9065660085533,6.347683894508543,647,2.1631080313727025
-11.433295920922532,166.60032489143518,4.975849523450776,307,1.9427917716445036
-16.568778395902672,158.37347955557848,4.975849523450776,813,2.2682311508863737
-28.44625287138714,163.05170943831334,4.846202614454634,470,2.211979510206171
-25.302842573872056,154.55533130778443,4.846202614454634,863,2.9718029537886084
-20.690974565877912,168.23082815836923,4.898473156016906,104,2.3962303280839166
-29.30512010608036,172.4432607464398,4.898473156016906,796,1.7083314263804166
-38.898122395587585,166.02752541614979,6.601183961599986,578,1.9609271280289695
-36.56558368078251,153.89665248742133,5.645880119501548,266,1.8675488777856708
-47.84339119128247,155.634638829464,5.645880119501548,711,1.8520294966624324
-55.46449495277376,146.71097396476753,6.220588380875407,312,1.750554806489767
-29.202815847641975,144.8983380293015,6.220588380875407,467,2.4868241684739707
19.861764690322655,89.47667786455081,5.343131086916119,18,1.4293287140811302
17.235272126269145,98.8671702209926,5.343131086916119,720,1.5665869447775163
38.3255451555154,84.07652845595516,6.971999351650595,403,2.3029873175396993
23.16967902336735,70.95477146965327,5.911088076618006,216,1.5651985627692655
15.844367657528236,63.90781104486731,5.911088076618006,876,2.3893069407749894
41.36628847806874,61.523382045252696,6.746122698029295,146,2.062901134541805
34.503728728352336,71.6481061131566,6.746122698029295,429,2.15708696284161
56.23743310018581,53.74488366321499,8.092945905070765,260,2.661118069614008
39.677733284611605,96.6153197217016,5.895509043484261,78,1.9132386908732992
29.677382896611572,92.58047312184927,5.895509043484261,540,1.8587605648711305
49.72787305334031,89.14364617585282,7.1814539595116695,514,2.1157303696856533
40.99154258945989,109.47832526570024,5.579866936132244,176,1.9005451302464824
50.16700885184823,114.23230103033634,5.579866936132244,839,2.682270766608149
31.461337951892855,114.08401200012925,5.929013017876517,330,1.6122587854557364
33.37663437171647,104.19372593785893,4.325333240149723,669,1.9524777909614341
25.861494950293665,101.341558544112,4.325333240149723,845,1.8157141894113502
80.05133420590379,83.60293915823489,7.297739172582808,41,2.3158055146604744
79.63286008681216,69.8683997322731,7.297739172582808,319,2.6513688854053945
102.71303518871825,80.98027235528714,6.78118541026884,296,2.121588687740751
92.08456020269749,88.51412030236234,6.78118541026884,471,2.0371476797789225
64.42186611818066,41.34885671783152,7.192281876528177,133,2.7179893192404836
75.29662402911406,37.173834362267556,5.263441172182992,457,2.942531516605675
84.2720963599926,41.3140031823202,5.263441172182992,814,1.835689518783561
94.84111103415248,46.20528325219594,6.9236565658099005,174,2.285726171797994
79.42999013412789,58.50169088735797,5.085711287098196,573,2.2894242292466913
85.38599728508215,51.310334028230145,5.085711287098196,811,1.7914123758463945
43.23783665283499,49.36196397178683,6.641783414387886,24,2.328682752770235
28.360194506625216,61.89237752804313,4.9085722345000065,523,2.269830826791363
33.56039744738003,54.13007422978944,4.9085722345000065,805,1.7628019899476095
41.63534717979091,37.38094932156138,6.5170558911595275,289,2.184472977429802
52.316199117264944,41.10419593001324,6.5170558911595275,577,1.8296660354520369
40.51778523422913,26.091208563958958,6.414317974855376,134,1.818134625554078
31.000020385411226,32.55915097091304,6.414317974855376,482,1.8439842624056613
56.92592112778544,30.985660087429657,5.662146032337364,306,1.4633656950827336
50.52840925983029,22.629879039396435,5.662146032337364,812,2.099166019887232
43.63952261102725,3.4153176207879343,7.405277425580797,145,2.4637317461506743
42.452214158434906,15.378183970938949,5.839292389579357,407,1.4141378613179842
30.622126685916243,21.296150131679585,5.839292389579357,617,1.802461442793623
84.49614362570821,16.023814695901052,6.946863114731185,51,2.181264212759069
88.82531802901225,27.662881487551704,4.9408937507523625,491,2.5445233862101486
92.36561446956348,35.811843520102464,4.9408937507523625,877,1.8097207298343325
101.99441822497612,30.31933894425724,6.693771864295974,200,2.28622531688869
105.3726351990274,15.042808463267125,6.693771864295974,598,2.0359682034887103
67.85881042689445,29.445992908523056,6.173666994640139,143,1.6840298898836517
79.00581971371925,27.39563753435946,6.173666994640139,734,2.5194399494194473
60.91222949755952,20.47350761299765,6.275951151848411,291,2.245735092649882
52.95664769486117,11.824442720884436,6.275951151848411,682,1.5855118417747822
-137.39239845125007,46.07948843578442,7.158143181993463,4,2.170295425968841
-138.9871442057655,34.181428671657144,5.485485505429304,713,1.9402460375126265
-131.8632212340005,26.459923705530166,5.485485505429304,714,2.136224689603708
-125.64403869507723,45.21324697382117,4.992112776657271,156,2.0909471386248066
-119.28531821190839,51.91703253447367,4.992112776657271,768,2.0854377611838935
-128.87641879635186,16.618304384044656,5.28936166792294,542,2.370194592383344
-129.20187751481012,36.3625000942011,5.28936166792294,644,2.561469871163472
-130.58894271420507,5.661554393385303,6.9263791784405315,236,2.5676799780311796
-119.27529531295153,0.5541750289972126,6.9263791784405315,434,2.2196360440697602
-110.44666656141588,66.31026457778941,5.619136782521253,52,2.7470405403421525
-119.07066670507423,72.13382599584192,5.619136782521253,843,2.390950626577733
-99.52242533879267,37.948338617319855,6.271226464917419,275,2.44254183096605
-119.87742662850701,36.88897917383105,4.5633702886453955,541,1.6397623884256425
-115.51707387880839,43.97157608028804,4.5633702886453955,844,1.5144764709347396
-127.17924033092838,86.33089579875569,7.036325845238273,219,2.1104912414749903
-122.7980819239106,99.4373504396527,7.036325845238273,502,2.0324719279968155
-108.87851135341786,55.03104883616225,6.719415391735974,69,2.573640703461389
-98.95559954938251,49.25778585730639,4.874810463636747,412,1.719822632846459
-106.91112595787682,44.737420677050174,4.874810463636747,840,1.9796023764523214
-89.09635968533556,41.67777138672338,6.211720008671894,253,2.017361248945834
-81.09520024215614,34.12756294174579,6.211720008671894,609,2.4917447876616707
-90.4643979759737,61.65696908784691,5.318372389479817,185,1.2347168927390237
-89.8418503445274,51.98568861984897,5.318372389479817,764,1.9200790735039162
-73.17050220283721,56.011216401272755,5.089997442741493,528,1.347305153580793
-82.01788849915415,57.540134437551735,5.089997442741493,862,1.7169093692780002
-129.24392104513225,55.505273652757005,6.157793112364737,33,2.1435488585365117
-140.4764324650136,59.37709991323296,6.157793112364737,610,1.7030852267766619
-148.94252780222402,51.17423083465872,5.909217768302497,252,2.2727162777907877
-148.24668260004765,39.77282026088646,5.909217768302497,731,2.1496355834052117
-130.74909335223924,68.47389438054124,7.5003193134165,234,2.7315313080452994
-119.94795072277108,61.697099573568146,5.689644737052181,357,1.4599132297721338
-110.30068746295971,35.4562417909895,5.689644737052181,721,2.0710125018303858
-139.10293670834622,84.46859866524916,5.724971629224912,88,1.8471996421092074
-135.45116603857042,95.03970227290135,5.724971629224912,790,2.8799427159416444
-144.44997292872665,72.71205069788218,7.8080961182619975,301,2.8542783177569726
-157.78143946841388,75.54628833248283,6.338387925017339,196,2.2286509086396578
-145.37076907359904,92.61199358085814,4.813734036287454,546,1.954073993708403
-149.33117547565837,83.98883783763242,4.813734036287454,757,2.082112988959159
-163.44093930391583,53.71472062408471,6.801409963939774,276,2.2478743491022515
-153.75030414533907,62.45890485951763,6.801409963939774,385,2.5173987377744567
-116.2128445671299,121.25548525089472,4.451925025680321,14,1.109485776089735
-122.94534261007338,127.01800783575472,4.451925025680321,884,1.765869673398356
-108.64309926263508,130.20758138450952,6.27796869038892,579,2.6776726078305466
-113.82879052133727,109.74237583417555,6.780705613582331,310,2.7038218922148114
-103.47941390006656,118.81488979324313,6.780705613582331,393,2.2926190438161718
-99.1256910091444,137.66413725801758,6.175717948370468,164,2.163267973499782
-89.29305967087879,144.82617372355736,6.175717948370468,634,2.360736335404893
-78.91805366444729,150.69839609789437,6.200868279162549,299,1.9227012696339367
-75.69479946716743,136.52981935795356,6.200868279162549,625,2.6815554522658016
-108.10181056308265,99.36919916870929,5.604560805269359,70,1.9476363150534302
-102.81376800229073,89.79398983883584,5.604560805269359,641,2.0612567349643514
-98.4538567331205,80.15502250340573,5.406678754657753,399,2.0327553525410145
-108.51535550208831,79.78090645797735,5.406678754657753,732,2.021535683089298
-135.5245581401332,105.50008214607108,5.2889436876213685,207,1.8699441750091454
-138.82756443182987,115.20018308856773,5.2889436876213685,820,2.091732955118869
-126.61550838278019,113.72113684321778,7.245241562438571,373,2.526896338783533
-94.07276177189799,111.69132462609537,5.324271828476921,110,1.7476124944175109
-92.19943119514176,121.74844183951916,5.324271828476921,645,1.5496581615818452
-83.77090532008629,115.25110623653576,5.930230011054547,435,1.828512023903028
-86.67826780181616,104.11271569014332,5.930230011054547,437,1.6339410160869448
-98.3144024646299,100.0050982471002,4.831062921495123,343,2.048975423937118
-102.90433029755431,107.82557510617454,4.831062921495123,773,1.178799273429658
-90.96757104468533,95.53868230466537,4.596949481848738,539,2.065288517908866
-93.23078457959718,87.6069337053674,4.596949481848738,870,2.347032375009742
-77.95862649367396,81.30832877496479,5.504957125736157,55,2.3491098031867432
-87.98129816594813,79.90880533725546,5.504957125736157,825,1.6374562719807875
-81.24866604940458,69.54959454313358,7.582634999483686,308,2.3656718542429203
-100.39191874361134,62.598682976294455,5.650811757340148,254,2.152530858223114
-93.51712255459888,71.12334356372914,5.650811757340148,700,1.3575274041947862
-117.6849794670916,81.32884425130632,4.670045171358183,369,1.9535741917089289
-103.01537888507757,72.00985561124021,4.670045171358183,730,1.6708939882938005
-114.01984522738773,90.4102557729479,5.9934677866172805,548,2.170246090521111
-72.01777062955773,98.95001541795128,6.1805845107237785,84,2.1497066883838603
-57.713541884657424,92.86509655255786,6.1805845107237785,667,1.7451815917156916
-68.57586687910747,75.32720615279923,6.730702776346283,293,2.1643413680828045
-68.47507540947312,87.68689654576362,6.730702776346283,442,1.8802350195812572
-73.46159048518278,117.86215010427237,4.999989308882791,118,2.0500447086853573
-79.58814694207308,124.92818982024158,4.999989308882791,826,2.158532958885461
-87.76543918198966,132.49028387478918,6.859797394543315,456,2.34927211193249
-77.34144577827155,107.56497245939079,4.882590028334432,224,2.117536398120478
-68.6607502256635,109.96093628945015,4.882590028334432,800,1.955548383859907
-81.40934430889556,91.82820890708646,6.590501379813265,565,2.477852618449898
-37.08357257431897,134.38919827755154,7.82619591377799,9,2.6161168404247217
-24.892156554438728,129.2323169503093,6.465468432271985,332,1.9823145587023343
-12.590249262833508,130.68330645932204,6.465468432271985,476,2.014486444965986
-61.83225264830933,102.99938715864654,5.794979378613865,128,1.833373097505809
-63.17092701350489,118.31719991439161,5.794979378613865,637,2.1224847517369625
-58.576282986586456,127.98709922401387,5.478710581830405,463,1.8243330628202443
-69.27855582029788,127.2112654228467,5.478710581830405,782,2.5756470675738967
-50.83051205908097,136.16974907014475,5.867769462496974,124,2.029478476280015
-43.842030199468425,145.3371147970693,5.867769462496974,683,1.6265427854956134
-46.7781216829348,124.08090645366478,7.6672966766732,384,2.3874683755230857
-63.70257591925292,137.72573600227898,6.149170631587635,125,2.7408331640012937
-67.22651874440028,148.95450802710087,6.149170631587635,718,2.307013285874452
-59.47565905881919,158.08660860139221,6.260901624493491,247,1.59568461627
-51.2012952286455,166.85371320044155,6.260901624493491,648,2.3966309145959666
-47.56409525569085,77.49404501181945,5.012618941656904,49,2.018890586088141
-53.30854140625993,70.82195112000682,5.012618941656904,744,2.4193778481838386
-57.702318429317614,80.96929589964402,6.592513752499691,446,2.364865482942543
-47.83460267186844,99.0564153432608,6.394227273772759,302,1.8773818267847333
-47.24853041973172,87.59621596309299,6.394227273772759,515,1.8057299726114326
-53.8861416100255,115.57224213772864,4.721175629953112,153,2.44569205925569
-53.283184731800034,107.21947994919148,4.721175629953112,885,1.6562811359990741
-42.42879472396508,110.76533261385924,6.659776022260236,444,2.2377067816454774
-34.20453003918888,120.57912267174204,6.448211944117684,287,1.880992233308086
-22.631015160520047,117.72590014157397,6.448211944117684,518,1.9140807443165004
-20.505264437250965,74.68649133714558,5.772044230841767,91,1.8175678001450881
-16.99803455901313,64.90411530655898,5.772044230841767,590,2.205437218803669
-27.89770898283219,60.38868927429886,7.1936342201832595,464,2.7157417286524987
-36.6690012662895,90.08223846442188,5.489353136171682,199,1.8037203475504855
-37.38547716924812,100.28732175184122,5.489353136171682,766,2.030023631289844
-38.05760483847543,79.7649055289349,5.944727382129331,402,2.475037067536577
-30.68133128485226,71.93111328396134,5.944727382129331,566,2.0362383162081463
20.573680808239303,166.88094423599196,7.6497457286989095,19,2.3441576656687633
29.600211357287893,156.84416074542256,6.336713515407181,421,1.8483374912735382
25.062489137693685,145.66957233055197,6.336713515407181,484,2.312497733551426
47.540322012104305,146.22196112905445,5.783370270990031,151,1.6266587687778804
36.50168562472905,144.6552587753484,5.783370270990031,776,1.7346707513242803
35.401652014143245,169.45951567780585,7.839743337472735,368,2.6806554665709346
8.115217338533192,106.23966198433884,7.559508508691766,66,2.5860527773383373
-16.76905913307145,95.25343688164641,5.5530986266255855,361,2.072232376045463
0.431135399956433,97.66452745433563,5.5530986266255855,792,2.139822166901751
20.464582166355974,110.44439828832316,6.821620999610781,239,2.1045382451146115
10.617047025873317,119.18369886203011,6.821620999610781,652,2.0436839102314184
57.17052322238642,122.01303322430721,5.505439018289898,45,1.9306541286700947
65.46884202597818,128.612773551786,5.505439018289898,770,2.303644378775894
54.77045550384151,137.3475001634763,5.2421449709002355,367,3.069867571528672
64.50507698031124,138.51563384759777,5.2421449709002355,897,1.5792004531601394
56.477517237710146,152.98000699031468,5.004645591058873,210,2.406458373246142
56.176192736082406,162.88392086204823,5.004645591058873,882,1.637654463484318
46.213294448447826,162.6968519863898,5.252930124365048,485,1.9937281155045004
40.498670522361714,154.39088759528235,5.252930124365048,778,2.2576256502663625
22.827190970376858,124.00214941771709,7.267990626803106,127,2.697062944302641
19.164547485634937,136.0964125523459,5.6079268162663265,439,2.20313546265177
10.29492524272637,130.9177789557738,5.6079268162663265,684,1.5266685397637874
45.044483873940834,122.07806640929121,4.447254671773226,183,1.4672165402307566
50.57211556816886,128.54261132010646,4.447254671773226,858,2.519241778735898
35.54383432800386,124.52239144150177,6.162099828292323,557,1.7805021117163384
42.42388805772124,134.6176242669044,6.40528150615319,317,1.6786139883785012
30.26073922214678,134.86114661723613,6.40528150615319,459,2.148226070815265
126.46386023397491,33.6729530130065,7.344286571827981,3,2.264501169658447
113.75012857952387,33.14327287826588,5.667403543161846,531,2.0382763257160006
119.37316849970475,25.29141428710638,4.602349835477117,672,2.0446591952941064
110.70555170370066,24.030569258096804,4.602349835477117,674,1.7999292758654375
106.275453222954,41.79941332998926,6.5854246713127935,148,2.827559893060985
118.46445649098864,43.621684154298734,6.5854246713127935,493,2.253543829938693
89.65102372001076,61.12646555796758,6.165998991476254,278,2.3639068077906367
90.31279781879299,76.56038031204604,6.165998991476254,676,1.9786860240450401
150.0851774986045,10.553372017945868,5.756577271329404,82,2.251954463331975
160.47497624471723,13.842779601429568,5.756577271329404,651,1.5262796673442687
138.11915606066185,7.409065642007106,7.401856369559283,395,2.340226185237539
129.587620516043,19.412996190950242,7.6296464747900234,221,2.8301387103829967
124.61160298864347,5.541857132039331,7.6296464747900234,334,2.7440720320511844
99.08474210061858,68.80602537442277,6.805462600282674,39,2.1818547584823165
101.35882442472045,56.73969519931153,6.805462600282674,420,2.2894714265573395
111.06879097049456,51.551370443860726,5.163921132556033,292,1.852605367338392
111.93096273436359,61.11030672556915,5.163921132556033,678,2.068654632482405
130.51939884571692,46.26645668708318,6.57279003368089,504,1.876149327445847
122.19256987200332,68.90201494173445,8.269067155129427,137,2.758852385296808
109.67588192447874,70.04521746626959,4.7952527092795805,259,1.8553972109599652
113.50540574874869,77.97744726067421,4.7952527092795805,849,1.8794857312456053
130.47362652593782,78.217702650965,5.003187630435061,513,1.8804942302783707
121.80417991505699,82.23550014033216,5.003187630435061,758,1.5732618603246333
155.45987261781525,63.39919676652232,5.696972765338987,67,2.6265488319538917
166.36023485259324,65.90158366244883,5.696972765338987,690,1.5317042618800036
147.52264623961517,71.03607659781592,5.657095960553106,426,2.02392488254719
156.84165309639027,76.5687141464295,5.657095960553106,708,2.1047366009276587
132.23172029058847,58.54057682901309,6.206880522786585,218,1.6983022285337004
121.12685468078482,55.26908144226683,6.206880522786585,618,1.6632570084031066
136.17716836650808,69.42102395369012,6.075557105145846,262,2.2666215133981367
141.01991115554938,80.04361623147557,6.075557105145846,679,1.8867438041977718
125.17098636390965,99.11387063063668,4.362865455062015,20,1.7272138815523461
121.7030955744942,91.40844091297815,4.362865455062015,785,1.3634681430213995
112.93858881250395,87.73872244310598,5.762115683521818,638,2.436848737587212
132.65533545730474,89.60066330062372,7.364504211515339,443,2.2424269244607595
153.15766606478311,104.01867601899735,5.459509802581095,162,2.808644011235157
144.55097079666555,97.94969662837828,5.459509802581095,783,2.038152967880139
151.37608746206777,87.8342557777324,7.387522945345621,430,2.236789186084012
83.76120068896445,106.4599810936443,5.369278658317698,80,2.055620236562586
77.1739820162095,114.70617584490228,5.369278658317698,649,2.393655827365894
72.53618280137196,104.49277911753194,6.790642464272565,414,2.110213457009463
96.81026721512926,114.3580103031157,6.263902306016516,242,2.39219849271929
106.87424794153041,116.90928019558199,4.533438183405268,620,1.458180564350331
112.61622632849594,110.28397268240485,4.533438183405268,852,2.0653285175163183
103.98206233523621,105.39602527792472,6.248070730805349,155,2.302495407026533
93.22289010890319,100.90099578185998,6.248070730805349,707,2.3299223392782595
114.64003198038804,99.48923143600062,6.557444067667691,201,2.2431557106299573
103.22688974061191,93.64618833253537,6.557444067667691,556,2.9926426748301918
46.66581732957264,74.34698873875507,6.8266100313829785,56,1.9501582034361564
51.433112472326364,64.68732782424686,4.888307988129015,462,2.7241936160739506
60.155500326006944,66.22887349257498,4.888307988129015,864,2.1996309045872975
73.83780173003349,93.32646112624435,5.395969760431074,244,2.4251689759429973
83.38776040514634,96.0800834541798,5.395969760431074,850,1.919771871486565
59.2772820902508,78.11708764978991,7.496368546935758,282,2.487338985713007
68.01013619086223,85.96132274311067,4.764449086363762,139,2.501215082231816
65.11600382387816,96.61607122121296,4.764449086363762,823,1.9378414287453092
70.80459540641161,77.67983401867242,4.725685596936161,535,2.3780226188102405
68.3149694091103,69.56185988283656,4.725685596936161,836,1.5665491155979283
68.56935575029614,59.05087073594753,6.804812867178678,320,2.012213010755283
74.96094745732672,48.30404002458185,6.804812867178678,413,2.0012313567898086
82.347875047618,147.26521023972404,6.573731747796723,40,1.955443437328769
68.56221766432674,162.34414628037572,6.573731747796723,445,1.8792521766432864
69.29433545223532,149.25321581790968,7.858260695542169,359,2.700243390930097
86.53509830377682,115.82936721140501,4.90087094308449,175,2.1223820883146756
74.67124748292966,124.21933189803345,4.90087094308449,653,1.9989308891809048
66.92212033956454,117.52546878034354,6.050188546922937,517,2.5172914328046145
75.16151590852527,137.2152610284066,5.221735757613838,356,1.978683135566356
82.05143439988252,130.18101026471732,5.221735757613838,878,2.122014494464957
59.92058329142557,107.4792749495384,7.210149183292208,177,2.764937791357777
48.83737224157679,102.38791117118977,5.845611606109987,391,2.3791546547129574
56.73332703283876,97.11884321525636,4.4276502995627975,564,1.7706183353293747
60.28761134722778,89.43030941544863,4.4276502995627975,784,2.3281969971161134
103.87949886179099,127.47005238206016,6.704793855758511,54,1.9761784423022188
110.34779156069729,138.64386941702807,6.704793855758511,552,2.3512483163276308
91.74943280387635,125.29218665476505,6.57480782733845,267,1.9823455074673066
92.22483267903391,143.60569154517168,4.787039317968425,604,1.6787807028207535
95.9811291587979,135.32145998782175,4.787039317968425,837,2.1196300722588615
132.19844031942748,108.90516008050602,4.806212729323046,86,2.3379193967072713
135.23333588470663,100.57361843268312,4.806212729323046,886,2.243766900829455
132.88348476568615,118.34442841419121,5.122570734053379,469,1.8805293632694755
126.94073584065443,126.26039333254379,5.122570734053379,753,2.297111972194614
122.52214970673789,113.39174770374916,6.6475725967010115,322,2.253492546771549
115.87914667288985,124.08833651467272,6.6475725967010115,524,2.170152663745911
134.84579357086426,-14.539758021522205,5.588542659017286,7,1.3552424052928862
129.34088981567558,-5.685732731771981,5.588542659017286,685,2.2985867444393344
130.98523253219048,-22.97890776317679,4.459693331045362,370,2.4119249616190834
134.75454378807973,-30.438502823401734,4.459693331045362,786,2.4478609535980627
141.54918006940594,-22.988007423487343,5.9085121990465685,550,2.5631793201993167
141.34707334256453,-5.200680440461388,6.725346759411865,263,1.8646374841235334
123.07514689448143,-15.630550547703105,6.725346759411865,549,2.681869937262507
162.62129570711065,-18.882425067653504,6.664056896272797,94,2.4113880872584588
174.75487367843905,-14.72286323107048,6.664056896272797,659,2.1619806838562785
146.91827060154043,-31.727451485108073,4.959434134948022,203,2.025849813112799
153.3932881696444,-25.038960782905143,4.959434134948022,833,1.8242657808140743
150.40193523026585,-14.230985224794045,6.813133969574102,591,2.048044738133603
168.32381104611383,-68.81676037561117,6.375425767389176,38,2.4192017007463593
178.81827496312027,-62.36573897734632,6.375425767389176,742,2.0365351843551784
172.90788120268905,-38.64457967014396,5.4123389817394765,220,1.8998101454726635
177.31351384065565,-48.572383648283655,5.4123389817394765,746,1.409480858890991
165.17498821823932,-48.186504074851435,7.200830665462063,388,2.1359865209740354
147.47742658555364,-62.12684964493251,6.8048220764277,131,1.9005564013027276
156.06508385493848,-71.53542242203886,6.8048220764277,551,1.998288462989663
162.62089628544413,-32.13638706518641,7.051923929434315,208,2.569091066284815
154.51599912385237,-53.29507467031215,5.087586315042416,451,2.0921303113759233
161.74573126384539,-59.800088005946364,5.087586315042416,851,1.9936336896001958
175.5240985026829,19.36514093120581,8.262449304422919,26,2.7413702225226375
169.5024002633476,5.626604541508267,7.061698282447856,268,2.1711960428829102
153.75450363246637,-1.0804921066845778,7.061698282447856,374,2.091559358025118
165.23864327740856,-6.60418545952309,6.389558033589758,163,1.906398019081679
179.35644461891,-2.8845212694112172,6.389558033589758,605,1.8204672296483655
187.2623456755609,-13.677790369851888,6.3540292635857085,280,2.339653961574
174.54806909740677,-27.261394865628347,6.3540292635857085,626,1.8019063761544099
145.7152957723701,44.09026712485597,4.909794513151502,48,2.181155530257052
140.01352515939246,51.30839582455307,4.909794513151502,868,2.8530678847902067
159.0431095099977,42.483436551105015,6.861505255224651,499,2.202209408384321
138.3965624935718,29.89190140259437,6.393985248839295,233,2.005531305118344
149.44510594081538,34.151959547845195,6.393985248839295,726,1.7068176058177686
164.11021511318106,54.27073669801167,6.450993278709043,103,2.0688234919273176
159.49498233803442,31.305759078293296,4.6900066731304015,438,1.8907647396867044
163.73547787644418,23.385682555140512,4.6900066731304015,841,1.428862378416834
151.89605673944476,52.63482627350165,5.946554614151359,348,1.5177971210388048
143.8190519765004,60.75423220902579,5.946554614151359,628,2.298181572432318
153.39339702487487,22.818234864266124,6.117781252010556,165,2.6950310511528617
142.60612410822603,19.061949271572164,6.117781252010556,527,2.029056736380555
170.76770993214944,34.417207164650655,7.483862247507229,383,2.245590580675026
91.54617036914509,-31.730434240811423,6.992981954589867,16,2.1467567429882624
80.81870795027571,-14.493979992076863,6.992981954589867,452,2.316296123653367
91.06220084593784,-7.739922006205359,7.135190031654591,255,2.1490793633213348
101.4460139009473,-0.1999181139687854,7.135190031654591,398,2.122386428201275
75.6752895618392,-30.289618876664864,5.09070788920753,114,1.9909997889117799
83.18207873700024,-24.952998584050324,5.09070788920753,871,1.7584801630623137
72.4432859317194,-21.36257138339846,5.238643455404638,422,2.0821310500859678
63.19971259413515,-18.43190038579916,5.238643455404638,808,2.302075858339511
72.04400829326474,-43.76659205087376,4.655173947445872,229,2.9819247675438594
69.05005744577886,-36.26822657547249,4.655173947445872,893,1.8641827303386345
75.08264400301067,-53.484123675129794,6.57911038546961,664,1.8045485432423345
117.17924157104707,-3.6617799580115302,4.867278121025435,50,1.7391054033527629
113.00486540183653,-11.628340256059321,4.867278121025435,879,1.416417703438865
102.41461465811295,-13.265205297860426,6.850403537947082,602,2.734331914788868
91.24785120924014,-19.458787934478757,5.23019643871989,192,1.6937133099662365
99.8056919835379,-24.03678771770734,5.23019643871989,865,1.5541497516629157
111.48929982455144,-23.06885826221752,7.315832428518526,408,2.3340336766245273
117.08000057265369,15.733039304154488,6.14618587526438,107,2.0740638862449057
112.03335029505183,5.30195944872764,6.14618587526438,519,1.738034317157602
95.09715839139731,10.00165310049795,5.885112631668676,371,2.1393591249254915
95.51817323799345,20.734798840724697,5.885112631668676,627,2.422576094278568
75.62237081167083,6.985802431036107,6.33214151939153,181,1.9008422839303687
86.41061009604023,3.428617973133964,6.33214151939153,544,1.6514707232192616
72.24967584309846,18.2173310963984,6.469194436115674,256,1.7844233433489094
64.25308247433222,9.406941090025109,6.469194436115674,490,2.0916864273386557
56.972411141650284,-119.9853337509318,7.520982697510672,13,2.3296658186954993
55.34195066683499,-108.10202665321034,5.65092912483179,424,2.0266196265145178
65.7751041453019,-108.77329095681853,5.65092912483179,737,2.0008239678272997
70.3428529868383,-88.80278244527246,5.935460194340036,122,1.7291637412193257
76.84851829365263,-80.17308739094621,5.935460194340036,642,2.6464004458811035
86.87248356947764,-76.99593904834747,5.741591051969453,387,2.1333551021313113
98.47270274055958,-76.83856878484508,5.741591051969453,736,1.5986286225509887
45.60106912004767,-66.50875879886941,5.836906716270529,111,1.782987801349721
54.49868913119437,-59.873101664154916,5.836906716270529,660,2.399221963439177
66.27407554722423,-63.81027701454855,7.567867893819176,313,2.7551443419105714
78.6509887319624,-68.14508441299493,6.853629977270869,213,2.633953927930767
65.30260669941235,-77.34210369232034,6.853629977270869,558,2.196775936011934
86.89616498894092,-55.126350247687085,6.715995267951807,44,1.9505648719514022
81.8413484528017,-36.895401454992594,4.78454482747904,595,2.4014421044315175
82.90814395852331,-45.50773617749277,4.78454482747904,875,1.7944373283378772
91.40412635935998,-66.53234263493522,7.122909831425447,241,2.3517731916259716
94.38068134538307,-44.25216534768452,7.122909831425447,428,2.0367245696785163
136.65716924479096,-57.39287049754958,5.956875645716489,92,1.9973486465817916
121.42746714590191,-57.20365506762324,4.341174488045013,789,1.6824584430439176
128.29192990450883,-61.53836202582243,4.341174488045013,848,2.4008453336821196
132.56686740755114,-70.79439900700838,6.21038018857462,288,2.1484303617928524
143.81532288825696,-73.95306989823847,6.21038018857462,661,1.695766190235104
99.04225749700788,-55.880012954330276,6.470356236820589,96,2.4406478223095904
111.43226503471743,-59.171976079711385,6.470356236820589,500,1.908649926740569
121.15695270608877,-68.15010911348682,6.355629543130452,333,2.00458351748618
124.24921498622135,-79.94462243119865,6.355629543130452,554,2.247857079287213
120.01302343713941,-47.23906387757983,6.378605364418591,25,1.9454940627862205
127.30401971924478,-37.75424083775344,6.378605364418591,761,2.0265357443596543
104.14100345303585,-34.5405736126628,7.0547986353990355,211,2.2875282480838743
107.70865040739695,-46.92874886326807,7.0547986353990355,453,2.327612305767036
115.90473500133483,-36.32257135458122,5.77093338943814,120,1.7055905610848243
122.62558340229856,-27.541998497191976,5.77093338943814,575,1.877779409128503
139.5464049844712,-40.28686213668059,7.132586907456233,389,2.945001685120742
130.95102642607318,-48.43329225280968,5.407674659296935,246,1.9012756578243553
144.89351298589835,-50.686959564302946,5.407674659296935,765,1.459764100938699
153.02546853870203,-41.63755198671052,7.248680098917226,360,2.1431094926055456
151.15488300298378,-93.44718237664586,5.635729311391449,63,1.954205074898757
151.14529420321284,-82.58080227177825,5.635729311391449,797,1.6687056230442565
146.23271679031023,-104.06731256792942,6.344349417852013,318,2.005394796533177
163.03367285218297,-82.02793168833325,6.344349417852013,488,1.6837418014866894
115.99420904299738,-94.989535533793,6.947690486434711,194,2.0666627105885937
113.09178791351577,-107.81743256573375,6.947690486434711,584,2.3327849667128278
128.28209159961153,-91.47574227388259,6.0205180897521355,71,2.06750867137601
135.62646361953998,-82.23564706207937,6.0205180897521355,655,1.6238976884785248
125.41038707032332,-103.52841028160324,6.594760176288306,300,1.919512334837774
135.9085633540365,-99.8274291272243,5.166965932313034,431,1.8254755883595772
140.94426769059925,-91.3700575471699,5.166965932313034,692,1.9579741179560681
132.66108301513475,-130.88327629276893,5.214533385344805,173,2.313379389539627
122.75539752560384,-129.2704327639649,5.214533385344805,883,2.5387449080866524
135.05287650226202,-110.40426204643279,5.664527251538024,447,2.2036969326320595
138.22607068267763,-120.96904064633712,5.664527251538024,686,1.974640482719781
-15.885155908221298,41.07800591471057,6.83206463578591,1,1.931074714129551
-17.483695434502604,53.24410982583343,6.83206463578591,480,2.249733990094159
-2.7817024561015335,17.59015021233406,8.436159034289723,226,2.9704974630877965
8.97576354406351,10.382592576306163,6.579933601199077,129,1.7673293467152538
-0.8726768880176489,3.845373496296843,6.579933601199077,537,2.1521294882896305
-10.40488717267602,-5.9355672394075025,6.925651937664477,264,2.9142108408921557
-12.521046882213474,6.615183761231874,6.925651937664477,406,2.4220760188404684
-39.45034297066435,56.18265244093486,6.813400578831444,72,1.9644715994330257
-41.929085756793825,68.28690281123218,6.813400578831444,379,2.64356882666586
-29.785096032520634,46.24675803647516,7.881211810988936,344,2.71291339878597
-6.231916941666971,47.91550333260998,6.60889898591984,159,1.9213812843741442
2.7610946544222257,39.83092374487804,6.60889898591984,496,2.0233998768227544
-6.512176877423078,60.18102826815057,6.895965298846165,261,1.9683299601671433
-8.88034373445103,73.74653870832728,6.895965298846165,397,2.439266741475708
-59.582624896803,51.1241409490405,4.4289537146513664,34,2.92091396090806
-52.12212470320607,47.82111435364427,4.4289537146513664,806,1.7534566506023401
-50.22311113327434,38.375211166057085,5.934052718997494,687,1.8508244234061657
-52.189078973839685,59.30016395773257,7.768652697976846,415,2.4559744792324123
-68.11182730861329,48.49318440533331,5.093844551889392,147,1.9760465542459789
-70.72820578387925,64.86488084942317,5.093844551889392,727,1.45693146253516
-64.17006666995006,58.22468365679928,5.049206703701624,725,2.141961848676652
-61.543498256928565,67.09875975640887,5.049206703701624,743,2.3600739558442294
-60.51531343102025,29.72160772061369,7.152535436242252,149,2.6667724660086383
-43.0838407736511,45.996604854682104,5.561263896094107,481,1.7172191715378105
-38.72214329807494,37.12495649680443,5.561263896094107,665,2.3909360771152937
-26.221964805237562,22.573108231334515,6.44111849653206,57,2.154168416504671
-24.578542600347472,35.8347965892683,4.713330742164628,569,2.15237140865123
-31.525433876072313,31.437137051781683,4.713330742164628,827,1.973896740176056
-6.548506094698575,33.02782141157327,6.449899106334485,331,2.37763658231378
-16.93617281248214,29.03582694674615,6.449899106334485,567,2.413679748260684
-54.94117878229134,15.711010959521438,3.3072582072203853,109,2.598286921739268
-59.22987946482926,20.070344293106313,3.3072582072203853,888,1.7415673100777427
-52.29354930242327,22.456453249926383,4.665053344060091,887,2.385518899189997
-62.22650119071082,9.314045287038672,6.584501417158481,596,2.482749082759507
-39.75993894759885,11.47304204075991,8.505060928247342,243,3.045528566213919
-93.68361041214676,-63.43896320991861,6.012368584363723,22,2.8138607251193144
-83.5708092372532,-68.25707024308869,6.012368584363723,695,2.373529246698344
-84.1264338587889,-56.945692225121604,6.362242652803363,448,1.6473634523954628
-94.44834038907112,-52.39345271039074,6.362242652803363,534,1.9000899744426163
-63.24693724684125,-39.94769549896518,5.063984184709441,113,2.454805728241804
-67.06334633727967,-48.864229370578606,5.063984184709441,872,2.9275057434192133
-72.32537467436657,-40.714106269642144,5.367800638785168,390,2.0302884599370516
-76.98424013602546,-49.125730961495066,5.367800638785168,738,1.9132257595083886
-73.61505658862619,-30.270091591589168,3.940101893314433,279,1.8881497171403427
-78.77219478964284,-36.06647608100915,3.940101893314433,898,2.043240001147861
-84.32057440232204,-30.192429158359253,5.572145534657181,680,2.1771258473377673
-86.81122335767014,-42.55071428971485,7.208815271536389,365,2.121696192163606
-42.20149343147117,-87.46092167143401,6.001549633782548,43,1.7022551294309713
-48.51884920868315,-94.27182583342642,4.250399334314506,597,2.6586338943553023
-55.61765433931047,-96.44711013084489,4.250399334314506,889,1.4349487840281854
-52.503224116807615,-85.59218251311678,5.015424268794891,350,1.9248732078264685
-56.32771013924069,-76.96392925528372,5.015424268794891,656,1.5565253498639242
-45.77854815854307,-76.98042146412938,6.266804538850364,494,2.169995042069801
-63.35402607428439,-68.45874605255176,5.610419709008944,157,2.114509578251667
-73.43563252353005,-71.21203408992248,5.610419709008944,702,2.1086969570029943
-72.10373218075249,-59.711837870547754,7.3145177897090505,436,2.6897477668658794
-59.66195020873931,-57.16521222292785,6.9728623114091715,132,1.957410401702367
-51.88217399492027,-66.97612016689426,6.9728623114091715,509,2.669478324832876
-38.868033335300396,-65.96489508566202,7.137312114667055,186,2.047973199893764
-18.426316642773312,-72.3683973407772,5.346341224433601,450,1.5636717489510392
-27.466845927430573,-68.42146282492924,5.346341224433601,756,1.8993938078220385
-22.096615380602724,-0.09711146466310527,6.247159549326835,28,1.8893581883821942
-31.459080380573436,2.703244376656759,4.651433368705081,570,2.1346950987468896
-38.96142421989662,-0.9887975050541234,4.651433368705081,801,1.4661391554223941
-15.980631344691016,17.679926753873573,6.301281489340662,290,2.1814647674387078
-25.681174536441443,11.00744945714428,6.301281489340662,553,1.806577111628044
-20.53133044631955,-9.952750968059707,5.014454431425108,160,2.139380818988336
-25.129300795244905,-17.698139939716537,5.014454431425108,754,2.4107379229188535
-31.28862948545253,-8.29261601809883,6.620998394852624,418,2.187543018561797
-13.60717984279644,-19.37125483068474,7.818692412303304,303,2.4470669509684373
-44.208527323828,-23.964659245000867,5.913827010273116,85,2.109230799915834
-53.47966610584337,-10.248887796526335,4.252167409714065,510,1.963745044866711
-49.18319877913454,-16.382029868758774,4.252167409714065,866,2.342889288700328
-46.24700032196679,-6.156008610355114,5.209114460941892,506,1.9669418457750887
-40.981735575000044,-13.6138669498932,5.209114460941892,807,1.9739024050612641
-45.5262712003497,-34.612550596067294,6.078995996803889,178,2.575468053624248
-36.40071008852438,-29.5162833428676,4.321478960581784,668,2.380448839010199
-35.01441668886549,-37.387529573785415,4.321478960581784,880,2.3730216999451628
-53.13209497477043,-45.47355889934477,7.964811207559842,245,2.563916583335734
6.695875309483498,-51.20630127600875,7.137559908034644,65,2.5569120560615453
-5.976244394158219,-56.3724137781261,7.137559908034644,416,2.133038257529712
-28.12851297293299,-57.40768801870821,7.243813904318461,195,2.393818469416339
-41.15370316930908,-44.15546517828461,5.549086186946387,386,1.9349332675178748
-31.452781219070957,-46.52770080648676,5.549086186946387,709,2.148162159853462
-18.38408370337074,-48.8029621281216,7.035735657897823,138,2.421562145782656
2.8548028045847675,-37.96107049495725,7.035735657897823,425,2.284427891594585
-48.114475476230844,-56.54147367505043,5.492704892378673,214,2.041407636280156
-38.79951000296173,-53.88230209943568,5.492704892378673,795,1.6953941209570225
-11.569422710803245,-39.85801411352902,5.322635940720292,305,2.078817609651009
-4.218534987454197,-45.92205495359659,5.322635940720292,874,1.5609242053839416
-36.44400772732069,-159.75420580938572,5.511509260035586,6,2.3196764086318247
-46.56407344587709,-162.02750133302433,5.511509260035586,853,2.153980330993082
-44.169226263679576,-150.98307956124077,6.625938294983572,277,2.4745680907139476
-57.629267641167964,-135.1183099995912,6.625938294983572,392,2.4592900651256064
-48.08983043592647,-171.91869711832945,5.332760872668031,227,1.702825827998005
-55.70692185841892,-178.52908187269472,5.332760872668031,838,2.198319902736095
-62.04675294753899,-165.3079034519907,5.853859820212466,352,2.0775509220914077
-66.16419416413228,-175.99569446370194,5.853859820212466,600,2.297775070565689
-37.50833978428893,-134.43470686449584,5.608212619093948,98,1.4492735015075562
-46.57193610102238,-139.57776833662894,5.608212619093948,673,2.246949186729351
-47.256787290888994,-127.47449413523317,7.252841992555408,440,2.735386580722622
-12.064219165384067,-116.7165844229302,7.4776034655589125,180,2.905256268087855
-8.975372602583393,-103.57424928638369,7.4776034655589125,372,2.3139529378427888
9.486910839230806,-154.2758376735852,5.886923622804394,68,2.545124866180136
-1.2608552401742636,-153.78797141630255,5.886923622804394,666,2.4624567740579977
-6.987321731415277,-143.75698378877755,6.177765826095095,349,1.7272781283718208
-10.744937252454914,-153.61592610808367,4.561639834842314,543,1.6523553969605103
-16.532495921332565,-147.31072153351425,4.561639834842314,821,2.1348021190554047
-16.26527912685262,-137.7890763506089,5.431913055660557,283,2.0040354292562506
-24.91843822652124,-143.30896412980135,5.431913055660557,750,2.232396878065285
-16.379845862790724,-127.45186671826217,5.558081426127272,486,2.078252627546833
-24.097066384183456,-119.0771318038616,5.558081426127272,705,2.373094660316015
-60.41927395063625,-113.22720104654901,5.384742376025813,23,1.864166723826085
-59.352076051466085,-123.70599597608495,5.384742376025813,829,1.51524375461212
-68.20142078633428,-130.179753766862,5.857937115225429,396,1.5891579660940682
-64.95121205448352,-144.45986063330915,5.857937115225429,614,2.156235037744561
-66.06695136101793,-155.10423323140637,5.395242483122998,190,1.462129827111878
-74.86900780092164,-148.80586579892287,5.395242483122998,759,2.18283164105252
-55.504753342591904,-156.58312341057834,5.5580032054007455,472,2.202335403859117
-54.56223552593875,-146.22355592044516,5.5580032054007455,696,1.9820696185564313
-90.90181340267452,-128.1979060457567,4.50188058275081,99,1.6770492054951065
-90.93878863073405,-119.72385825284964,4.50188058275081,834,2.074185795136007
-99.59892491492214,-133.94856379206288,6.144971779616832,654,1.8156094659542426
-107.52857099343385,-142.44835268296143,5.903050909272919,284,1.7818820283406707
-117.93800642964727,-147.22680095982014,5.903050909272919,772,1.9108975731100668
-69.76601181796103,-119.16042617034947,6.4395406106177635,152,2.4358570644794413
-80.34819890231167,-109.25940370766729,6.4395406106177635,536,2.433638238042989
-81.22345368568101,-120.61506925041319,6.068513200050714,271,1.8084863356684067
-80.94016951072638,-131.64459906693222,6.068513200050714,712,2.31837451786061
-30.88642178328514,-88.30920387336513,6.459011208932859,32,2.1248670241210177
-36.11335810576259,-78.68444733411418,4.573402277989947,611,1.9129686811073943
-28.01739059626001,-77.23371948535939,4.573402277989947,890,1.3174459682942246
-32.88574692573644,-111.07721071896925,6.47869628374845,250,2.700028464918374
-21.313809907496868,-107.83267144928679,6.47869628374845,601,1.7320773326190744
9.867537518347026,-110.23503441477023,5.995505401986149,101,2.429464857675465
-0.5234337093657428,-112.364907733905,5.995505401986149,809,1.8839657360661564
20.465287990115563,-113.66355286873,6.606290390308216,285,2.3166513917664804
38.3185101370329,-112.14163039313304,3.633577553829086,516,1.9902394294666121
42.41751489269262,-106.70503126934005,3.633577553829086,867,1.0194339041486629
30.99891331572581,-115.48609447537986,5.0216796220336635,745,2.664312691430221
-34.949939912022096,-123.11087213418284,6.759782505007441,79,2.586051633101835
-26.412054739808855,-132.1414150990901,6.759782505007441,532,2.2297132219249742
-49.79238040958214,-106.06585308427529,7.052746812773974,204,3.0277994900449596
-42.69962183612091,-115.20993744096603,5.074233835553968,417,2.421287769633571
-51.804257682245904,-117.23788025959131,5.074233835553968,856,2.7103610699269605
-74.15683901768287,-98.17743505284703,6.604148315429998,115,2.456859558723526
-82.68856592412403,-88.66345097033783,6.604148315429998,582,2.0666014996860285
-29.918313866992314,-100.07838450599894,5.991633035258823,217,2.292084394152917
-40.37080638430599,-98.6668070628359,5.991633035258823,636,2.0141234929892913
-61.234765794761074,-103.01892726945742,5.583362997867319,240,1.428744388118751
-69.55506892980956,-108.33879426380827,5.583362997867319,832,2.1196152307504685
14.464436522471871,-41.43390985311534,6.237739167034409,10,2.09866613123559
22.180047980130958,-31.982413190054384,6.237739167034409,658,1.7747093032887893
28.4735948586427,-13.193671533199597,6.19677580973233,270,1.7816897178908768
29.07965121191952,-1.8735143295758507,6.19677580973233,691,2.13501914113786
19.72641342023357,-52.234340696584745,6.392334048592541,150,2.355571182814388
25.79967134389238,-42.41301481941809,6.392334048592541,511,2.1983248790370924
13.901632313860206,-61.42982005884168,5.761357881770879,353,2.173614672560382
27.050315892899096,-61.69856873587359,5.761357881770879,798,1.6900792938521447
-6.553471007197949,-90.45646689633719,7.4302687213745156,74,2.2168848526574516
-19.270489283668155,-94.92368622635212,7.4302687213745156,380,2.4561652796267213
-16.740483668586773,-61.754479824642054,6.430952697108275,168,2.7148869529935182
-6.274251366672914,-68.41895284588843,6.430952697108275,432,2.1740051482055125
-20.390753904519464,-82.94931383445319,6.170463007114017,340,1.6628375972753826
-10.086531757489935,-78.93782912365074,6.170463007114017,525,1.7204428691083027
9.02382971039197,-70.39350328934125,5.361949782087574,95,2.016371698051059
3.4576176434409662,-62.53807835278481,5.361949782087574,830,2.277116758588539
4.988973704001907,-88.09788020196366,5.949829951590064,355,2.3169276777928918
1.0959464056731234,-77.50358899309042,5.949829951590064,568,2.4513895973365583
15.173174922638603,-91.30058634651228,5.354027663262851,197,2.0390527782139243
22.998683528610773,-83.52641809243198,5.354027663262851,774,2.3463891572335562
4.114759207326337,-99.84468022831963,7.200101468375969,405,2.10356736485774
36.86852651814447,-21.09842994968796,6.490083544457105,35,2.336503979016177
31.137818112791162,-29.143465043289392,4.5922641426531845,465,1.690956666934035
37.194861388588144,-34.205887841132096,4.5922641426531845,894,1.8340148962667449
36.816257019007516,-43.20199755843047,6.252465536385365,336,2.016001973146434
50.95172101584242,-50.21868395963454,4.828070343637774,561,1.8951365098411173
46.98312235743804,-41.88245924898671,4.828070343637774,735,2.710807569826573
45.54587199212295,-57.368646468839486,4.485497971986866,172,1.168033956638557
42.52878610542352,-50.23538157883729,4.485497971986866,799,1.8030600470077123
31.354816806840066,-52.36232871303488,5.994841639557501,693,2.091326232524213
62.38556762988313,-50.047523246438075,7.872232241120382,328,2.4898192649098116
48.6198159467584,-101.00244595614843,5.193388537813229,77,2.306399133414836
46.75613318224541,-113.69578210908705,5.193388537813229,771,1.5935857245954625
47.76231398856284,-89.88761056459921,6.948598364636659,458,2.2535355188475616
54.14765571463812,-79.8152098770957,5.37018956191348,205,1.8010690616090215
55.74513843847411,-70.12655286712226,5.37018956191348,818,2.3435077982145147
42.883084711030705,-77.78739984287859,7.356110079564435,337,2.5070433103465035
12.683767631959622,-80.43019937448075,6.6497189751229335,123,2.182956306284037
37.35409753133435,-60.27078954601141,4.893744466292475,423,1.7150615088646712
35.20670039554756,-68.92116824318475,4.893744466292475,815,2.035159806471523
28.634001236826958,-105.47036374251834,6.122409510499598,257,2.1145628289149077
17.226858985864343,-101.85918760800669,6.122409510499598,632,2.169078965746777
35.63149930911808,-87.23179716312897,5.714816885073343,136,2.1680563891489903
31.095407268916972,-77.69954449155937,5.714816885073343,640,2.7638518770053766
21.04296037128031,-71.42327328301751,7.2981794329967435,433,2.1601351101484596
70.04673232599168,-11.576088030709942,5.395816118462811,11,2.161965757497216
78.05494629469302,-3.654032873842892,5.395816118462811,802,2.767332458753466
49.711271695174574,-6.238613961494702,5.639425301218961,351,2.1668791378185612
56.5779823741929,1.3784466453557114,5.639425301218961,697,1.6703532483693455
38.935440422274866,-8.713334370747535,6.709293140171576,315,2.0060392985318134
48.15869186889,-17.071214326830656,6.709293140171576,574,2.027987839422196
67.57727086458794,-1.4147236219741266,6.1056311824941805,75,2.026592702947639
59.572164659050095,-9.15269199851681,6.1056311824941805,587,1.6306349186579507
65.35190272132323,-28.145194202186776,5.772092107130776,324,1.7288492916259672
55.91759802422685,-24.90713822192297,5.772092107130776,739,2.004565305503088
46.17526860229323,-30.023686605087857,7.193711050258212,202,2.193412857015232
57.3632255162633,-37.28324546730749,7.193711050258212,489,2.448586466548107
20.41220756671621,14.968850735651886,7.429791655099029,59,2.3600910731634896
22.761484381161694,39.53858195559208,5.852424540846209,401,2.0051560315415013
21.292353696104502,27.006318562195112,5.852424540846209,619,1.9570181589037101
19.72403166450005,-6.93799349523116,5.503561407203084,230,2.0021149971646013
18.84441567870436,3.211323126276558,5.503561407203084,723,1.867411199993884
32.12612758882095,9.552938012300148,7.236852157534047,474,2.23104000468516
11.478326917626077,-30.12597330124644,6.3083651270383285,60,1.8699696500655985
-6.572688282358693,-30.346899122943963,6.3083651270383285,441,1.731822862799632
18.968870322245465,-20.117004694501354,7.3837074456430445,345,2.352933125503643
-34.262193843554286,-20.33317841760319,5.717756168875758,198,1.9526190872526354
-27.13434112485712,-27.598729891193653,5.717756168875758,633,1.792464570128573
-17.35350767005504,-31.29763787203185,6.070626383853018,376,1.8612068865646867
-25.318096782827602,-38.38891506978305,6.070626383853018,495,1.9292071884044026
9.803298294533269,-11.167668855867122,6.702700856515607,116,2.0142823972031305
0.4858818026879653,-6.461656484252163,5.1788949317161785,427,2.0934077742683015
9.381176640648375,-0.41708504930309637,5.1788949317161785,719,2.3737647627404233
-1.1763535950391342,-16.917530116959057,6.375989232330343,358,2.5900649962260056
8.048933985604389,-20.950594932404925,4.583204699613358,555,1.693799830797981
2.1974232511291905,-26.709758047855782,4.583204699613358,861,2.3704352611321635
-102.28275367096198,-89.14559018375971,5.7033152982100255,2,2.097602387209939
-93.04997891554481,-83.24020843319607,5.7033152982100255,779,2.584359159325781
-105.49237822128697,-108.87947730870002,5.6809440809482386,326,2.547675038491962
-99.93119177468205,-99.88033512073491,5.6809440809482386,787,1.8127981051348592
-92.65863161001148,-93.22040023832483,5.389543791300207,209,1.9194906851087707
-85.37272086225354,-99.75159031045769,5.389543791300207,729,1.6971080884695935
-92.97209065031663,-109.2271425086732,7.095123773627061,547,2.145333656726886
-110.79470540424498,-83.80327469624996,5.04901040298546,73,2.043644078487087
-117.77646555079738,-90.44101854201786,5.04901040298546,701,2.0328727537002775
-110.69413900187864,-98.07103010699853,6.4358661403794795,698,2.6384503505143844
-125.49147995118673,-61.509047102518444,4.71574648683062,215,1.9604305015254855
-121.81425236113331,-69.82964379215106,4.71574648683062,791,1.9762039937289604
-119.48184411587414,-52.949913535423946,6.316034716281176,749,1.69031990823059
-132.85383961616336,-85.81282503942526,6.531881346723913,106,1.80486876018743
-121.38926040997268,-80.61674851647159,6.531881346723913,559,2.145632469997717
-132.9199940834936,-107.71580448151988,6.613681908376446,286,2.3208290024495173
-126.68946814686426,-96.71527239434735,6.613681908376446,521,1.9078501357297752
-119.15893994579903,-108.48848863031422,7.945524769178802,36,2.62776238864412
-100.30547277314875,-122.4334372386038,5.924770083221347,338,2.1114930034598687
-110.70071747052192,-118.44753151201158,5.924770083221347,741,1.7897112781014095
-145.25101852771752,-107.66686496758528,6.268250742713815,161,2.803754800791101
-139.0682176147237,-96.94584088130006,6.268250742713815,671,1.771022461253787
-134.2639837858604,-120.09083928985332,6.3911926556807925,251,2.445391268536126
-121.90328202492744,-122.04238454285357,6.3911926556807925,615,1.837467216423161
-89.71727342625026,-136.9640908347799,4.79016791460373,64,1.8454832636372545
-82.14534696086085,-141.91651681664547,4.79016791460373,842,1.2024835178276407
-85.55704768753482,-150.55493990006931,5.154398171170094,607,1.6638986791031205
-73.39493198643112,-138.87104489260076,5.154398171170094,699,1.7434103003960906
-73.0717790342568,-167.39898784194838,5.659442202296779,228,1.8856158391965452
-79.07081151131881,-158.51657433338772,5.659442202296779,662,2.1056916243168304
-92.55456221788701,-158.4185304065539,5.843938501324968,354,2.747921712971759
-87.72479595606262,-168.77060386780963,5.843938501324968,588,2.0825497745521866
-121.47962248057935,-136.86964895981052,5.323861779694415,105,2.0735016012992347
-129.5291573636648,-130.4180395879479,5.323861779694415,717,2.2350664029569813
-111.60284655170332,-130.55780814351635,6.913863995604425,529,2.301121396544109
-95.87223262365309,-145.87796667015724,6.59547250162494,191,2.3609424705276694
-104.37681339283456,-155.33787880925402,6.59547250162494,681,2.296679819940967
-145.8022396546093,-14.56942317362339,5.5451612153514835,17,1.9570299470134689
-155.84275457503887,-15.194252142496158,5.5451612153514835,891,2.040639267314075
-165.70327700119125,-28.93807459405541,5.641287739669423,269,2.6531170707768714
-155.5182522589239,-25.692930022543344,5.641287739669423,846,2.162249698841233
-170.66542558406056,-38.87905812244824,5.735803502496478,188,2.2046084862849544
-171.93851571521728,-20.18001869338349,5.735803502496478,562,1.8046181442676512
-185.43895860878519,-26.84794380983532,5.106827228206523,526,2.2879101272990128
-176.0134101292279,-29.78052745936918,5.106827228206523,831,2.6268888834941215
-138.92413464332293,18.60648164465886,5.759190084866758,87,2.967699512698416
-146.29985846897858,26.637373406492156,5.759190084866758,710,1.7210368706234251
-157.8400353603912,8.58244098765315,6.002194854441458,339,1.9868637897429224
-140.64467985493036,9.018488750622266,4.502998050841324,592,1.9026208652880472
-148.86731381216646,5.211833179440377,4.502998050841324,793,2.015396578131462
-154.91000031383882,-3.414685190163146,6.179896508853244,189,2.1486369553950424
-165.67948059425177,-10.928092074671746,6.179896508853244,585,2.2817843082879588
-141.24110999823176,-2.739844362410478,7.81674211702883,274,2.668788382182668
-114.70758605468258,-24.551479728159748,6.535129727174683,53,2.3369136330675184
-125.48649995606836,-19.72268521838056,6.535129727174683,616,2.268786544463179
-124.65019209814591,-30.30113116820098,4.868539147699814,212,2.3281209958737357
-116.7214882273416,-34.62653003672997,4.868539147699814,819,2.229089722909173
-124.23446611398774,-41.89287679393021,6.621165343523136,576,2.205936879126461
-113.49136601040142,-11.602431762701432,7.826210037878999,171,2.710946693216112
-126.32891394965282,-8.33712444895196,5.978852258259466,382,2.3746263811223645
-135.3799346126242,-13.646998718539157,5.978852258259466,675,1.875571667361402
-145.63507808910606,-44.1119311870499,4.740434722293903,29,2.404709290113744
-151.34850767844276,-50.6788627932807,4.740434722293903,895,1.441459707639241
-145.9686756866147,-32.07854488165303,6.699764713398216,583,1.9532514057906036
-136.07163644781937,-39.382497793586765,6.693426175603243,225,2.323717606276218
-133.55493975715416,-28.73900510527,4.735955524813031,586,2.6690104227614424
-139.61602777855077,-22.331223786779308,4.735955524813031,896,2.9517985342168047
-106.52148015755604,-54.53472459556036,7.102630137502428,126,2.2414240051951593
-132.4205509282571,-51.978830166973665,7.102630137502428,410,2.617685718367862
-136.01047111473895,-64.4990956517434,6.8387606710230475,231,2.534967738132067
-159.28455026698904,-63.48053824282781,6.8387606710230475,507,2.407841643186747
-157.7514313683895,-38.21405696418581,7.301541066407364,37,2.315503988750734
-145.98236388403623,-58.66584317318478,6.046524876391883,503,2.2418473143346866
-161.09721177295046,-50.25840240025954,6.046524876391883,505,2.295642177730299
-171.9524911653163,-55.549533698132144,7.097149854746781,144,2.0938106442912967
-169.0095042382455,-73.21983485357896,7.097149854746781,603,2.017517344387708
-155.06843318223883,-98.96207010540184,7.300572105663532,76,2.5262707213991265
-144.37061172092533,-87.13231910952494,5.465813746141998,478,1.7295141091485324
-154.81498082672636,-86.66470917506423,5.465813746141998,755,2.0818293369751064
-130.55321450447133,-74.37879050433533,5.78523413661849,170,2.6446952668114996
-140.96854393997194,-77.07217015679312,5.78523413661849,706,1.908589348162485
-156.96773756637722,-76.12766294699567,5.8193730332261975,377,1.8826408948479558
-148.458842178308,-69.31839460458104,5.8193730332261975,688,2.811103694393532
-95.0029703069701,-32.350625199548226,6.553641737675528,8,1.8797905135222386
-100.56633274987382,-42.84571024106099,6.553641737675528,475,2.4793953526356356
-112.25410585677335,-43.67273045566471,6.187171523427765,298,2.411677800444448
-106.65326586687992,-32.97099625763458,6.187171523427765,621,2.214255127036153
-102.11881820762223,-20.550691123730353,7.927028113548361,154,2.8071141452701798
-86.0792814115791,-12.128555664929168,6.456854512885149,311,1.7552729189362875
-74.35332529860543,-10.674440118186938,6.456854512885149,497,2.1066697436740576
-76.49592475997957,-80.04670952444282,4.690268474961032,97,2.1143674367978624
-84.87353349523003,-78.09693901795575,4.690268474961032,780,1.2857627746494162
-92.78015099466886,-73.39977141921926,5.0392805273195425,622,1.6103949686547243
-72.09466643923231,-87.76977310324108,5.0392805273195425,639,2.0695660396039517
-62.175659978098345,-89.80570887665908,6.200877192269321,297,1.6373430306411454
-66.23884363152956,-79.16827016648452,6.200877192269321,630,2.43341717989998
-104.09505462904396,-66.5976766359209,5.879973329599996,140,1.9931939560534073
-102.23861312953835,-77.70119541414891,5.879973329599996,751,1.7309414664517295
-112.38685789497912,-73.65369410514575,5.824365899608917,327,2.006789910203697
-114.71971621898757,-63.11629897738154,5.824365899608917,781,1.6050140917149678
-56.135997935793064,-23.49811807693286,6.609268059181567,31,2.3208264021796596
-64.47418747271946,-30.921253210496328,4.92120138229732,477,2.5856460166636523
-55.82407091352408,-34.07232559349123,4.92120138229732,788,1.8685498943281436
-56.2333352493328,-0.9441670836252666,6.327085796191892,248,2.4808346797796825
-46.93416663762867,2.4694854707511475,4.656777267618579,589,2.0649459662179916
-51.91489444602391,9.183187827721158,4.656777267618579,824,1.8780536818542317
-90.06229179709536,-22.019226035290355,5.8495151318015655,179,1.8056523387298695
-79.09511232834456,-21.179502066107553,5.8495151318015655,715,2.1798062214270852
-62.699814573156,-11.204017571981522,6.4258279231248245,341,2.8898005813415155
-68.08197079902666,-21.36785342640209,6.4258279231248245,460,2.7104681631398075
-78.0789929387156,0.3194515533093471,6.002323150714817,100,1.659709227971461
-67.54181989416328,-0.9130622818600302,6.002323150714817,612,2.7633045012197717
-85.50454829494036,9.443831629122174,5.978704351010312,346,1.9795619536924454
-88.14809719300233,-1.7228856647985955,5.978704351010312,624,2.3437628970958637
-97.54166341519682,4.649959167063417,7.7332296710636825,193,2.6225826738465674
-67.66593523048803,19.1719641837046,6.057464841361273,323,1.9815815276015454
-74.28852432485583,10.520008700471553,6.057464841361273,613,2.060113257954721
-155.71678594478772,31.91301929070067,5.340093584087257,15,1.4866881883229484
-158.83147525036946,41.88771848864278,5.340093584087257,859,1.3027796527741973
-155.61434752565526,21.614222618438102,5.411158721255266,362,1.464669647657683
-148.4491378518141,14.42347946207156,5.411158721255266,828,1.2096229204102906
-171.24147545748957,42.3553012326675,7.408277131601344,232,2.432378499954735
-168.5295066828308,28.248223228983896,7.408277131601344,375,2.201196302261731
-164.52539087843817,16.732461493692835,5.3208496320998835,89,1.4437041803767632
-174.62619339177044,17.05519181498391,5.3208496320998835,760,2.170974008328568
-167.64775313056373,1.2595930647231675,7.107078714660381,468,2.307528097005072
-176.04884884045336,-7.679026351307218,5.210684513887416,235,2.05237520275281
-181.6477421505792,-16.203333105275917,5.210684513887416,740,2.118052760297713
-177.4178723262027,7.386964106362814,5.064726291966215,571,1.9728863223126154
-184.11096420479015,0.13975229118086094,5.064726291966215,804,1.9600132381377198
-110.46254319342103,6.4214015116589644,4.83481961517081,47,2.4093905442515187
-107.05317913296749,-1.9073575420195548,4.83481961517081,747,2.2144209646133777
-98.21703161775062,-8.09596725662685,6.325827786829725,599,1.841210858400499
-107.82730705208017,18.767060117459767,4.463536193162133,295,1.797670828029013
-103.28783678877097,12.828791750305887,4.463536193162133,899,1.7574770455796274
-118.1305635728832,13.27314244246809,6.312393420513064,606,2.0860938030255083
-91.37614348964937,29.841965243868543,6.042116874679873,121,1.9808970028041528
-102.41631167138561,26.92499103490588,6.042116874679873,629,2.0504953817255807
-113.80100143603619,25.553737507289856,5.902339294150116,394,1.6027499486712125
-123.21573357895436,29.617440055078415,4.224129591390433,703,1.4401707060823694
-122.24536917742518,22.036552305800292,4.224129591390433,873,2.0269443990395546
-78.87011360917154,47.03810653293565,6.258367576467116,81,2.3032203330253354
-60.44132633527601,41.67571219346478,6.258367576467116,643,2.5655401207706916
-81.31506854300768,20.785752766577428,6.726899786064086,272,2.0999047059021247
-93.91612049221483,18.1605276114806,6.726899786064086,454,2.5157345996316463
-71.02623698898968,38.808934270787425,5.797124896611489,135,2.1593287214205135
-72.3344175359421,28.322213175051864,5.797124896611489,762,1.8655908736401299
-45.68769255926422,29.088784909078765,6.061988715989674,363,2.6108957707493867
-36.95792947625365,23.56842694317698,6.061988715989674,635,1.9475404758339878
39.461054917956176,-122.0241193635613,6.599994946005784,5,1.9419597455995148
48.75281945484967,-130.11455366849322,6.599994946005784,580,2.087154715887557
26.20211727894178,-93.9638558113444,6.737899299085359,281,2.3471983486508248
37.955540714099236,-98.2920131496674,6.737899299085359,520,2.0250516520157573
25.26644714439063,-125.97693375486081,7.926581878449627,119,2.617774290127881
15.152585944299584,-134.56793593928816,6.256247723883589,258,2.5343213607461816
26.010935063580224,-137.14665161662694,4.430227227700941,581,1.6023074258159316
24.31071941718839,-144.93032913865963,4.430227227700941,892,1.4601369550957708
10.802175749869704,-122.55703280027737,7.383167484524153,169,2.698861766359629
-1.58914827860002,-123.21213510954317,5.747027216234731,409,2.0028015264098435
-7.168407574057889,-132.45349850860273,5.747027216234731,650,2.1549535933163226
58.42227946198698,-138.63063704709958,7.165813887270594,58,2.1559774199093864
36.61202391405273,-134.64408047661777,7.165813887270594,545,2.379637480024334
35.03906312835593,-157.3200859677221,5.636719721390748,167,2.358445822279269
33.6762940874332,-146.41726155937727,5.636719721390748,646,2.331314601833843
33.95934027172715,-169.44134079191883,7.195370379641774,533,2.3149356358337583
4.433697781424353,-144.01829367793906,6.002028489352332,83,2.6395225506779254
3.726753379667219,-132.89375625093473,6.002028489352332,608,2.018333803204174
15.169764703612763,-145.47977734426365,5.602099175344127,309,2.316375296989014
25.20368090588107,-153.99411210201933,5.602099175344127,794,1.4685044040290993
3.8683576723146897,-164.8677831946662,6.96048629095856,223,2.135138870909785
0.7400982413183746,-184.10204839762523,5.060708883004078,530,2.2859484830836387
-9.109085954307897,-185.6055708388187,5.060708883004078,835,2.267479906458483
100.59219780493882,-145.61782414118463,6.842863878854573,21,2.167008989192544
89.76296326609852,-152.99974441192902,6.842863878854573,466,1.9877748959858923
56.87183524918357,-171.21138955110897,6.759650590767474,265,2.696547475374804
85.11976405163497,-163.81873353745704,5.269748225489938,498,2.662499966060117
75.072611371861,-169.33801918641404,5.269748225489938,694,1.665381381651157
86.4407022602176,-138.37350630583384,6.926098822154,166,2.2209401794111985
98.41503564277916,-132.64657058093093,6.926098822154,461,2.3973281522477574
111.82033508635448,-132.7646582133811,6.872779890504118,237,2.687461073410425
113.93162478254523,-145.63760849895408,6.872779890504118,487,2.0124588539987127
81.66689811652554,-91.08552978910099,6.222089740599005,42,1.7362948050864908
72.54606869238212,-99.76332759769929,6.222089740599005,538,2.196669449928058
59.62438240702715,-88.32863175474466,5.892742837401083,366,2.5865134744883718
61.0356478757152,-98.97313022878133,5.892742837401083,677,1.4086033236298625
83.47619740610848,-102.51111165804983,5.843313640021906,141,2.521744131930361
92.1074149787301,-109.38617834605837,5.843313640021906,716,1.8850376422838702
91.87966732877854,-85.94696772319594,5.718490106898604,364,2.6510631834275746
92.09931178876356,-96.49784151773675,5.718490106898604,763,2.128803588124781
111.41019042692952,-82.35870635485806,7.687123012204651,112,2.6359705703384364
102.49212370313366,-66.15600151400022,5.500306702760011,321,2.1398867443809655
110.95013867092548,-70.6516695998029,5.500306702760011,860,1.2242233084697225
101.90790614646293,-90.64779191640199,6.338117607576963,182,2.3137828951988677
101.79158231818532,-102.20517473311799,6.338117607576963,492,1.7316522538842625
123.52972209414516,-117.03370135604911,7.703670550114533,316,3.3289309664479667
-17.075265531811795,-179.0281754775733,5.350929208679061,12,1.344276439440499
-18.940786825120252,-189.23688801258342,5.350929208679061,816,1.7071310815880039
-6.049759610088009,-173.98398253292518,7.324122809983901,411,2.870307391635309
-19.37546121374825,-156.26523234917894,5.212975093829345,184,1.2608911990396763
-14.197549228902318,-164.901303506519,5.212975093829345,847,2.6323903738141965
-28.811908560106396,-152.76012256563845,5.477671422882106,455,2.004171834269875
-35.04333639881417,-144.4247801760444,5.477671422882106,724,1.7618316718336327
-25.3551265329897,-172.98020466259067,5.351590215395289,90,2.208176146633365
-26.66238046148777,-162.99454733304216,5.351590215395289,857,1.3964229893982907
-30.599915553146932,-184.11231747079069,7.4552780453933885,512,2.517790878706274
-60.68341234715186,-188.50637019440407,6.22883694457157,93,2.821104293110456
-40.176845082561215,-193.45529454299384,6.22883694457157,593,1.772392102469726
-36.73807482569948,-171.53753098993755,6.215192932545959,347,1.6793217993300578
-44.5388517330019,-182.2754139390132,6.215192932545959,594,2.0707821421516934
45.14373030066025,-175.0728135238761,6.177694254122265,61,2.2285369122004477
53.60382841709927,-183.40398298262238,6.177694254122265,704,2.185661969375189
45.239537081425404,-162.58818456702653,6.472959844600082,329,3.0723757848041724
43.12536949398856,-150.96033325080634,5.375990328364735,560,2.234633720435328
46.469847408909125,-141.2432571173199,5.375990328364735,572,1.9848263515025413
25.19200920141457,-177.16631455744252,4.9974953079848055,130,1.884765055281821
35.482994340045366,-181.03956281876165,4.9974953079848055,777,2.0894876062704695
15.783164254182642,-180.12453634875928,5.224497560687794,483,2.1809993176967772
6.578136009089432,-176.07139930356965,5.224497560687794,689,1.6725881827088949
24.809500997094332,-163.56442204420551,4.4888966538552735,325,3.260257757825908
17.502999151745474,-159.38058822159593,4.4888966538552735,810,1.879071517249443
15.8605121148633,-169.2077430603876,6.037540268194478,769,2.707438859275818
77.39832259833956,-127.69858634296611,6.430469676876016,27,2.3336294121260477
88.35033341604812,-127.18812222735512,5.104120141624935,501,2.3186767234598027
94.79770045191468,-119.93246217128865,5.104120141624935,663,2.210292185962039
102.36321543807817,-113.11077393979181,5.68043685592779,294,2.65274877071044
105.40230481324687,-123.00325066848107,5.68043685592779,854,2.1756727582776776
76.39614828763001,-110.4776867145302,5.819466099738124,187,1.5625047350222432
84.47732419011153,-117.67602631457923,5.819466099738124,767,1.971744102777097
69.66220340129424,-118.8686908438237,5.9039484158368305,304,1.8124330329637737
65.57024893041977,-128.90719335919445,5.9039484158368305,728,2.2807082753374046
65.65055897530236,-150.68420343661185,7.507108386159267,108,2.3741778722673637
53.213811918703485,-149.27108216381737,5.606476547901697,378,1.9897774403043165
56.19280785286704,-159.31985564459686,5.606476547901697,752,1.9613216728647842
78.46571984971665,-147.79170341958184,6.257624527477427,222,1.68882965306084
71.43094921748941,-138.5072469112277,6.257624527477427,508,1.8552854559109138
75.81747368887324,-158.70680551777153,5.7509867603145,335,2.183748492502204
66.07152775714557,-163.57184597020392,5.7509867603145,733,2.1692829478280378
